user_id,name,description,skills_offered,skills_required
user_001,Victoria Hernandez,Self-taught Content & Writing specialist. Believe in the power of community learning and skill sharing.,skill_001,skill_011
user_002,Chloe Anderson,Creative professional with background in Programming. Love collaborative learning.,"skill_008,skill_022,skill_110,skill_048,skill_086","skill_099,skill_023"
user_003,Emma Thompson,Creative professional with background in Data Science & Analytics. Love collaborative learning.,"skill_028,skill_022,skill_036,skill_032","skill_037,skill_013,skill_008"
user_004,Emma Mitchell,Consultant in Languages field. Dedicated to continuous learning and skill development.,"skill_084,skill_099","skill_015,skill_003,skill_024,skill_026"
user_005,Michael Martinez,Creative professional with background in Teaching & Training. Love collaborative learning.,"skill_078,skill_088,skill_065,skill_046","skill_005,skill_090,skill_023,skill_016"
user_006,Nicholas Torres,Problem solver focused on Marketing & Communication. Keen to exchange knowledge with like-minded individuals.,"skill_056,skill_033","skill_017,skill_073,skill_037"
user_007,Ryan Hernandez,Marketing & Communication expert looking to diversify skills. Open to teaching and mentoring.,"skill_058,skill_026,skill_020","skill_014,skill_002"
user_008,Sarah Anderson,Enthusiastic learner exploring Design & Creative. Seeking to expand my skillset through knowledge exchange.,"skill_037,skill_015,skill_003","skill_063,skill_016"
user_009,William Lewis,Self-taught Web Development specialist. Believe in the power of community learning and skill sharing.,"skill_012,skill_019,skill_100,skill_024,skill_031","skill_016,skill_013,skill_067"
user_010,Layla Garcia,Problem solver focused on Marketing & Communication. Keen to exchange knowledge with like-minded individuals.,"skill_058,skill_010,skill_008,skill_059","skill_051,skill_064"
user_011,Victoria Allen,Career changer passionate about Data Science & Analytics. Excited to learn from and teach others.,"skill_029,skill_090","skill_019,skill_109,skill_046,skill_037"
user_012,Sarah Walker,Freelancer specializing in Other. Always looking to expand my toolkit.,"skill_107,skill_046,skill_022,skill_098","skill_083,skill_024"
user_013,Kevin Brown,Problem solver focused on DevOps & Cloud. Keen to exchange knowledge with like-minded individuals.,"skill_102,skill_078,skill_106,skill_065,skill_090","skill_101,skill_001"
user_014,Scarlett Hernandez,Self-taught Content & Writing specialist. Believe in the power of community learning and skill sharing.,"skill_045,skill_061,skill_098","skill_020,skill_079,skill_082,skill_029"
user_015,Scarlett Moore,Marketing & Communication expert looking to diversify skills. Open to teaching and mentoring.,"skill_056,skill_065","skill_016,skill_032,skill_084,skill_062"
user_016,Zoe Carter,Enthusiastic learner exploring Business & Finance. Seeking to expand my skillset through knowledge exchange.,"skill_073,skill_029,skill_081","skill_109,skill_083"
user_017,Kevin Rivera,Problem solver focused on Teaching & Training. Keen to exchange knowledge with like-minded individuals.,"skill_078,skill_080,skill_040","skill_001,skill_100,skill_103"
user_018,Ava Johnson,Creative professional with background in Mobile Development. Love collaborative learning.,"skill_096,skill_099,skill_021","skill_054,skill_008"
user_019,Zoe Williams,Consultant in Other field. Dedicated to continuous learning and skill development.,"skill_104,skill_053","skill_098,skill_007"
user_020,Sarah Mitchell,Career changer passionate about Data Science & Analytics. Excited to learn from and teach others.,"skill_021,skill_016,skill_099","skill_012,skill_094"
user_021,Joshua Gonzalez,Passionate Data Science & Analytics professional with 7 years of experience. Love teaching and collaborating on projects.,"skill_024,skill_016,skill_017","skill_075,skill_056,skill_068,skill_005"
user_022,Mia Allen,Enthusiastic learner exploring Marketing & Communication. Seeking to expand my skillset through knowledge exchange.,"skill_058,skill_101,skill_066","skill_036,skill_005"
user_023,Zoe White,Passionate Data Science & Analytics professional with 10 years of experience. Love teaching and collaborating on projects.,"skill_023,skill_067,skill_048,skill_043,skill_022","skill_041,skill_079,skill_052,skill_013"
user_024,Olivia Miller,Educator specializing in Languages. Passionate about sharing knowledge and learning from others.,"skill_084,skill_031,skill_050,skill_070","skill_015,skill_046"
user_025,Michael Scott,Professional with interest in Business & Finance. Enjoy helping others grow their skills.,"skill_074,skill_012","skill_018,skill_064,skill_047"
user_026,Brandon Baker,Programming expert looking to diversify skills. Open to teaching and mentoring.,"skill_009,skill_014,skill_088,skill_004,skill_094","skill_105,skill_066,skill_104"
user_027,Thomas Garcia,Data Science & Analytics expert looking to diversify skills. Open to teaching and mentoring.,"skill_024,skill_098,skill_061,skill_044","skill_099,skill_059,skill_076,skill_108"
user_028,John Williams,Data Science & Analytics expert looking to diversify skills. Open to teaching and mentoring.,"skill_021,skill_089,skill_039,skill_107","skill_071,skill_023"
user_029,Thomas Robinson,Experienced in Data Science & Analytics and eager to share what I know while learning new skills.,"skill_025,skill_065,skill_011","skill_061,skill_010,skill_047,skill_006"
user_030,Hannah Lopez,Enthusiastic learner exploring Web Development. Seeking to expand my skillset through knowledge exchange.,"skill_018,skill_051,skill_033,skill_004","skill_054,skill_101,skill_028"
user_031,Brandon Wright,Freelancer specializing in Other. Always looking to expand my toolkit.,"skill_103,skill_108,skill_070","skill_045,skill_054,skill_009,skill_091"
user_032,Aria Garcia,Self-taught Web Development specialist. Believe in the power of community learning and skill sharing.,"skill_011,skill_106,skill_061,skill_027,skill_097","skill_090,skill_103,skill_047"
user_033,Olivia Brown,Educator specializing in DevOps & Cloud. Passionate about sharing knowledge and learning from others.,"skill_101,skill_106","skill_021,skill_007"
user_034,Alex Garcia,Educator specializing in Marketing & Communication. Passionate about sharing knowledge and learning from others.,"skill_058,skill_079,skill_031,skill_044","skill_083,skill_089"
user_035,Jacob Mitchell,Experienced in Data Science & Analytics and eager to share what I know while learning new skills.,"skill_025,skill_028,skill_092,skill_029,skill_091","skill_101,skill_093,skill_097,skill_027"
user_036,Jacob Williams,Freelancer specializing in Other. Always looking to expand my toolkit.,"skill_110,skill_045,skill_052,skill_036","skill_073,skill_044,skill_079"
user_037,Benjamin Jackson,Problem solver focused on Other. Keen to exchange knowledge with like-minded individuals.,"skill_105,skill_055","skill_073,skill_017"
user_038,Andrew Lewis,Problem solver focused on Content & Writing. Keen to exchange knowledge with like-minded individuals.,"skill_047,skill_030,skill_075,skill_073","skill_018,skill_062,skill_105"
user_039,Zoe Young,Self-taught Design & Creative specialist. Believe in the power of community learning and skill sharing.,"skill_038,skill_089,skill_088,skill_081","skill_008,skill_084"
user_040,Zoe Wilson,Passionate Data Science & Analytics professional with 4 years of experience. Love teaching and collaborating on projects.,"skill_022,skill_109,skill_044,skill_088,skill_035","skill_107,skill_039,skill_069"
user_041,Matthew Jackson,Career changer passionate about Data Science & Analytics. Excited to learn from and teach others.,"skill_026,skill_103,skill_003,skill_072,skill_044","skill_050,skill_013,skill_105"
user_042,Abigail Hill,Passionate Data Science & Analytics professional with 3 years of experience. Love teaching and collaborating on projects.,"skill_024,skill_051","skill_072,skill_057"
user_043,Abigail Adams,Enthusiastic learner exploring Content & Writing. Seeking to expand my skillset through knowledge exchange.,"skill_046,skill_073,skill_032,skill_024,skill_085","skill_079,skill_054"
user_044,Alex Adams,Consultant in Languages field. Dedicated to continuous learning and skill development.,"skill_081,skill_104,skill_039,skill_068","skill_027,skill_005,skill_026,skill_092"
user_045,Sophia Gomez,Consultant in Marketing & Communication field. Dedicated to continuous learning and skill development.,"skill_061,skill_033","skill_076,skill_042"
user_046,Sarah Martin,Career changer passionate about Languages. Excited to learn from and teach others.,"skill_081,skill_110,skill_084,skill_045","skill_015,skill_092"
user_047,Grace King,Passionate Research & Academic professional with 3 years of experience. Love teaching and collaborating on projects.,"skill_090,skill_012,skill_079","skill_020,skill_050"
user_048,Victoria Campbell,Creative professional with background in Content & Writing. Love collaborative learning.,"skill_051,skill_078,skill_061","skill_048,skill_103,skill_066"
user_049,Victoria King,Problem solver focused on Content & Writing. Keen to exchange knowledge with like-minded individuals.,"skill_046,skill_056,skill_061,skill_003","skill_071,skill_043,skill_030"
user_050,Kevin Miller,Passionate Data Science & Analytics professional with 3 years of experience. Love teaching and collaborating on projects.,"skill_029,skill_085,skill_106,skill_040,skill_062","skill_039,skill_044,skill_024"
user_051,John Gomez,Consultant in Marketing & Communication field. Dedicated to continuous learning and skill development.,"skill_054,skill_091,skill_013,skill_039","skill_025,skill_024,skill_011,skill_068"
user_052,Hannah Allen,Freelancer specializing in Mobile Development. Always looking to expand my toolkit.,"skill_097,skill_091,skill_079,skill_083","skill_080,skill_028,skill_032"
user_053,Timothy Harris,Data Science & Analytics expert looking to diversify skills. Open to teaching and mentoring.,"skill_024,skill_092,skill_083,skill_081","skill_027,skill_046,skill_094"
user_054,Jason Anderson,Career changer passionate about Programming. Excited to learn from and teach others.,"skill_002,skill_074","skill_067,skill_082,skill_079"
user_055,Sophia Robinson,Consultant in Other field. Dedicated to continuous learning and skill development.,"skill_107,skill_076,skill_004,skill_026","skill_038,skill_075"
user_056,Nicholas Hernandez,Professional with interest in Data Science & Analytics. Enjoy helping others grow their skills.,"skill_030,skill_089,skill_107,skill_090,skill_038","skill_072,skill_010,skill_053,skill_070"
user_057,Michael King,Freelancer specializing in Web Development. Always looking to expand my toolkit.,"skill_019,skill_076","skill_025,skill_108,skill_096"
user_058,Jason Hall,Educator specializing in Marketing & Communication. Passionate about sharing knowledge and learning from others.,"skill_060,skill_062,skill_024","skill_031,skill_069,skill_041,skill_033"
user_059,Thomas Smith,Professional with interest in Design & Creative. Enjoy helping others grow their skills.,"skill_042,skill_015,skill_017,skill_073","skill_094,skill_030,skill_026"
user_060,Layla Lewis,Professional with interest in Business & Finance. Enjoy helping others grow their skills.,"skill_066,skill_009,skill_090,skill_019","skill_053,skill_042,skill_041,skill_021"
user_061,Jason Miller,Self-taught Web Development specialist. Believe in the power of community learning and skill sharing.,"skill_013,skill_106,skill_076,skill_029","skill_006,skill_012,skill_078,skill_028"
user_062,Thomas Robinson,Enthusiastic learner exploring Marketing & Communication. Seeking to expand my skillset through knowledge exchange.,"skill_054,skill_082,skill_099","skill_047,skill_088,skill_061"
user_063,Abigail Thomas,Consultant in Marketing & Communication field. Dedicated to continuous learning and skill development.,"skill_059,skill_076,skill_009,skill_069","skill_012,skill_060,skill_094"
user_064,Olivia Lewis,DevOps & Cloud expert looking to diversify skills. Open to teaching and mentoring.,"skill_099,skill_109,skill_048","skill_001,skill_095,skill_082,skill_058"
user_065,Joshua Moore,Content & Writing expert looking to diversify skills. Open to teaching and mentoring.,"skill_052,skill_043,skill_027,skill_011","skill_013,skill_095"
user_066,Eric Carter,Educator specializing in Web Development. Passionate about sharing knowledge and learning from others.,"skill_011,skill_066,skill_104","skill_044,skill_027,skill_003,skill_036"
user_067,Brandon King,Experienced in Data Science & Analytics and eager to share what I know while learning new skills.,"skill_023,skill_104,skill_057","skill_086,skill_040,skill_093,skill_054"
user_068,Robert Thompson,Enthusiastic learner exploring Research & Academic. Seeking to expand my skillset through knowledge exchange.,"skill_093,skill_035","skill_048,skill_084"
user_069,Richard Rodriguez,Experienced in Business & Finance and eager to share what I know while learning new skills.,"skill_069,skill_087,skill_059,skill_030,skill_083","skill_096,skill_020,skill_016,skill_056"
user_070,Isabella Johnson,Freelancer specializing in Data Science & Analytics. Always looking to expand my toolkit.,"skill_028,skill_104","skill_108,skill_073,skill_058"
user_071,Abigail Rodriguez,Business & Finance expert looking to diversify skills. Open to teaching and mentoring.,"skill_070,skill_045","skill_072,skill_015,skill_065,skill_039"
user_072,Matthew Lopez,Creative professional with background in Web Development. Love collaborative learning.,"skill_019,skill_030,skill_076,skill_040","skill_053,skill_034,skill_031,skill_091"
user_073,Chloe White,Career changer passionate about Marketing & Communication. Excited to learn from and teach others.,"skill_056,skill_046,skill_016","skill_065,skill_097,skill_028,skill_010"
user_074,Harper Jackson,Teaching & Training expert looking to diversify skills. Open to teaching and mentoring.,"skill_079,skill_031,skill_032,skill_048,skill_110","skill_051,skill_109,skill_070,skill_042"
user_075,Victoria Rodriguez,Professional with interest in Data Science & Analytics. Enjoy helping others grow their skills.,"skill_031,skill_029,skill_073,skill_016,skill_020","skill_030,skill_034"
user_076,James Scott,Consultant in Teaching & Training field. Dedicated to continuous learning and skill development.,"skill_076,skill_019","skill_091,skill_070,skill_082,skill_090"
user_077,Isabella Scott,Freelancer specializing in Programming. Always looking to expand my toolkit.,"skill_004,skill_080,skill_076","skill_066,skill_089"
user_078,Daniel Lee,Freelancer specializing in Programming. Always looking to expand my toolkit.,"skill_007,skill_053,skill_045","skill_011,skill_083,skill_002"
user_079,John Rivera,Passionate Data Science & Analytics professional with 3 years of experience. Love teaching and collaborating on projects.,"skill_031,skill_016","skill_087,skill_005,skill_098"
user_080,Lily Mitchell,Freelancer specializing in Marketing & Communication. Always looking to expand my toolkit.,"skill_063,skill_041,skill_093","skill_094,skill_031"
user_081,Isabella Wilson,Career changer passionate about Web Development. Excited to learn from and teach others.,"skill_018,skill_029","skill_108,skill_006"
user_082,Ava Jackson,Content & Writing expert looking to diversify skills. Open to teaching and mentoring.,"skill_050,skill_073,skill_080,skill_068","skill_065,skill_041,skill_083,skill_087"
user_083,Ava Allen,Creative professional with background in Programming. Love collaborative learning.,"skill_007,skill_035","skill_068,skill_096,skill_075"
user_084,Scarlett Smith,Freelancer specializing in Languages. Always looking to expand my toolkit.,"skill_082,skill_040,skill_029,skill_035,skill_047","skill_024,skill_005,skill_095"
user_085,Charles Thomas,Consultant in Design & Creative field. Dedicated to continuous learning and skill development.,"skill_034,skill_017","skill_077,skill_052,skill_013"
user_086,Luna Torres,Enthusiastic learner exploring Business & Finance. Seeking to expand my skillset through knowledge exchange.,"skill_070,skill_100,skill_086","skill_063,skill_060,skill_098"
user_087,Christopher Lewis,Educator specializing in Mobile Development. Passionate about sharing knowledge and learning from others.,"skill_094,skill_081,skill_108,skill_064,skill_103","skill_060,skill_039,skill_072"
user_088,Jason Moore,Enthusiastic learner exploring Marketing & Communication. Seeking to expand my skillset through knowledge exchange.,"skill_061,skill_026,skill_106,skill_048,skill_050","skill_068,skill_071"
user_089,Thomas Miller,Experienced in Marketing & Communication and eager to share what I know while learning new skills.,"skill_060,skill_058,skill_063,skill_070","skill_044,skill_005,skill_032,skill_081"
user_090,Victoria Nelson,Data Science & Analytics expert looking to diversify skills. Open to teaching and mentoring.,"skill_030,skill_011,skill_060","skill_091,skill_047,skill_103"
user_091,Matthew Davis,Passionate Content & Writing professional with 3 years of experience. Love teaching and collaborating on projects.,"skill_048,skill_073,skill_016,skill_071,skill_059","skill_096,skill_083,skill_080"
user_092,Isabella Smith,Creative professional with background in Content & Writing. Love collaborative learning.,"skill_050,skill_072,skill_010,skill_042","skill_057,skill_020,skill_028,skill_004"
user_093,Ellie Hill,Freelancer specializing in Business & Finance. Always looking to expand my toolkit.,"skill_073,skill_004","skill_041,skill_001,skill_076"
user_094,Ellie Hernandez,Professional with interest in Data Science & Analytics. Enjoy helping others grow their skills.,"skill_024,skill_025","skill_034,skill_022,skill_018,skill_056"
user_095,Jeffrey Flores,Professional with interest in Mobile Development. Enjoy helping others grow their skills.,"skill_094,skill_046,skill_068,skill_093,skill_009","skill_048,skill_081"
user_096,Madison Jones,Creative professional with background in Teaching & Training. Love collaborative learning.,"skill_079,skill_050","skill_064,skill_035,skill_062"
user_097,William Wright,Self-taught DevOps & Cloud specialist. Believe in the power of community learning and skill sharing.,"skill_099,skill_065,skill_004,skill_109","skill_060,skill_072,skill_028,skill_075"
user_098,Harper Torres,Creative professional with background in Mobile Development. Love collaborative learning.,"skill_094,skill_091","skill_035,skill_032,skill_063,skill_033"
user_099,Amelia Gomez,Educator specializing in Marketing & Communication. Passionate about sharing knowledge and learning from others.,"skill_063,skill_054","skill_011,skill_092"
user_100,Joshua Hill,Business & Finance expert looking to diversify skills. Open to teaching and mentoring.,"skill_065,skill_088,skill_044,skill_061,skill_049","skill_085,skill_058"
user_101,Evelyn Adams,Experienced in Teaching & Training and eager to share what I know while learning new skills.,"skill_075,skill_017,skill_032,skill_077,skill_049","skill_069,skill_030,skill_106,skill_007"
user_102,Madison White,Creative professional with background in Data Science & Analytics. Love collaborative learning.,"skill_030,skill_092,skill_052,skill_006","skill_016,skill_059,skill_019"
user_103,Jeffrey Wilson,Professional with interest in Web Development. Enjoy helping others grow their skills.,"skill_020,skill_043,skill_071,skill_073,skill_100","skill_083,skill_021"
user_104,Jeffrey Martinez,Creative professional with background in Marketing & Communication. Love collaborative learning.,"skill_058,skill_059","skill_053,skill_038,skill_044"
user_105,Jeffrey Nguyen,Career changer passionate about Content & Writing. Excited to learn from and teach others.,"skill_053,skill_049,skill_071,skill_081","skill_101,skill_018,skill_074"
user_106,Richard Martin,Creative professional with background in Data Science & Analytics. Love collaborative learning.,"skill_025,skill_026,skill_044,skill_089,skill_064","skill_016,skill_029"
user_107,John Gonzalez,Web Development expert looking to diversify skills. Open to teaching and mentoring.,"skill_013,skill_109,skill_023","skill_002,skill_016,skill_046,skill_069"
user_108,Olivia Baker,Enthusiastic learner exploring Marketing & Communication. Seeking to expand my skillset through knowledge exchange.,"skill_058,skill_043,skill_103,skill_009,skill_087","skill_099,skill_055,skill_054"
user_109,Zoe Adams,Languages expert looking to diversify skills. Open to teaching and mentoring.,"skill_086,skill_029,skill_071,skill_002","skill_063,skill_072"
user_110,Penelope Davis,Problem solver focused on Web Development. Keen to exchange knowledge with like-minded individuals.,"skill_012,skill_094,skill_016","skill_039,skill_001,skill_068"
user_111,Isabella Johnson,Web Development expert looking to diversify skills. Open to teaching and mentoring.,"skill_013,skill_002,skill_008,skill_075,skill_003","skill_086,skill_027,skill_094"
user_112,Joshua Mitchell,Experienced in Content & Writing and eager to share what I know while learning new skills.,"skill_047,skill_026,skill_042,skill_006,skill_082","skill_010,skill_108,skill_048"
user_113,Grace Thompson,Enthusiastic learner exploring Marketing & Communication. Seeking to expand my skillset through knowledge exchange.,"skill_061,skill_034","skill_022,skill_007"
user_114,Olivia Moore,Problem solver focused on Business & Finance. Keen to exchange knowledge with like-minded individuals.,"skill_070,skill_065,skill_009","skill_103,skill_006,skill_061"
user_115,Thomas Adams,Passionate Programming professional with 7 years of experience. Love teaching and collaborating on projects.,"skill_002,skill_023,skill_109,skill_033,skill_050","skill_105,skill_015,skill_055"
user_116,Benjamin Rodriguez,Freelancer specializing in Web Development. Always looking to expand my toolkit.,"skill_017,skill_109","skill_006,skill_067,skill_044,skill_024"
user_117,Victoria White,Career changer passionate about Research & Academic. Excited to learn from and teach others.,"skill_088,skill_093","skill_089,skill_024"
user_118,William Martin,Creative professional with background in Design & Creative. Love collaborative learning.,"skill_043,skill_057,skill_049","skill_010,skill_007,skill_034,skill_001"
user_119,Benjamin Allen,Self-taught Design & Creative specialist. Believe in the power of community learning and skill sharing.,"skill_042,skill_048,skill_011,skill_047","skill_026,skill_072,skill_101"
user_120,Emma Rivera,Experienced in Mobile Development and eager to share what I know while learning new skills.,"skill_096,skill_029,skill_016,skill_055","skill_046,skill_065,skill_075"
user_121,Richard Taylor,Career changer passionate about Mobile Development. Excited to learn from and teach others.,"skill_094,skill_030,skill_103","skill_002,skill_044,skill_077,skill_090"
user_122,Abigail Adams,Problem solver focused on Marketing & Communication. Keen to exchange knowledge with like-minded individuals.,"skill_062,skill_012,skill_096,skill_068,skill_007","skill_060,skill_042,skill_053"
user_123,Jeffrey Carter,Creative professional with background in Content & Writing. Love collaborative learning.,"skill_051,skill_035,skill_088","skill_110,skill_105"
user_124,Layla Thomas,Consultant in Mobile Development field. Dedicated to continuous learning and skill development.,"skill_095,skill_106,skill_037,skill_036,skill_083","skill_020,skill_051,skill_090"
user_125,Timothy Lee,Professional with interest in Programming. Enjoy helping others grow their skills.,"skill_007,skill_097,skill_035","skill_065,skill_087,skill_025"
user_126,Christopher Anderson,Career changer passionate about Design & Creative. Excited to learn from and teach others.,"skill_040,skill_098","skill_100,skill_071,skill_091,skill_032"
user_127,Brian Scott,Professional with interest in Data Science & Analytics. Enjoy helping others grow their skills.,"skill_032,skill_037,skill_091,skill_076,skill_089","skill_027,skill_016,skill_075,skill_072"
user_128,Ella Hill,Educator specializing in Content & Writing. Passionate about sharing knowledge and learning from others.,"skill_051,skill_099,skill_010,skill_031","skill_093,skill_066,skill_027,skill_047"
user_129,Brian Moore,Freelancer specializing in Marketing & Communication. Always looking to expand my toolkit.,"skill_059,skill_042,skill_061,skill_062,skill_108","skill_009,skill_038,skill_048,skill_007"
user_130,Andrew Campbell,Enthusiastic learner exploring Programming. Seeking to expand my skillset through knowledge exchange.,"skill_010,skill_087,skill_096","skill_092,skill_039"
user_131,Mia Jones,Educator specializing in Research & Academic. Passionate about sharing knowledge and learning from others.,"skill_093,skill_107","skill_015,skill_104"
user_132,Nicholas Harris,Creative professional with background in Data Science & Analytics. Love collaborative learning.,"skill_021,skill_067,skill_080,skill_070","skill_020,skill_013,skill_066,skill_047"
user_133,Penelope Moore,Enthusiastic learner exploring Other. Seeking to expand my skillset through knowledge exchange.,"skill_103,skill_001,skill_109","skill_011,skill_024"
user_134,Evelyn Rivera,Career changer passionate about Teaching & Training. Excited to learn from and teach others.,"skill_076,skill_096","skill_049,skill_072,skill_015"
user_135,Alex Miller,Career changer passionate about Marketing & Communication. Excited to learn from and teach others.,"skill_054,skill_008,skill_037,skill_018,skill_082","skill_059,skill_094"
user_136,Kevin White,Enthusiastic learner exploring Data Science & Analytics. Seeking to expand my skillset through knowledge exchange.,"skill_026,skill_011,skill_106,skill_015","skill_037,skill_065"
user_137,Joshua Jackson,Professional with interest in Design & Creative. Enjoy helping others grow their skills.,"skill_035,skill_003,skill_093","skill_060,skill_064,skill_073,skill_010"
user_138,Emily Wright,Career changer passionate about Marketing & Communication. Excited to learn from and teach others.,"skill_060,skill_069,skill_038,skill_030","skill_101,skill_071"
user_139,Victoria Adams,Passionate Content & Writing professional with 10 years of experience. Love teaching and collaborating on projects.,"skill_047,skill_079,skill_096,skill_032,skill_097","skill_025,skill_042"
user_140,Abigail Young,Professional with interest in Web Development. Enjoy helping others grow their skills.,"skill_011,skill_059,skill_091","skill_058,skill_095"
user_141,Christopher Rivera,Experienced in Marketing & Communication and eager to share what I know while learning new skills.,"skill_059,skill_079","skill_030,skill_105,skill_051"
user_142,Abigail Gonzalez,Experienced in Other and eager to share what I know while learning new skills.,"skill_105,skill_100,skill_046,skill_028,skill_030","skill_045,skill_084"
user_143,Olivia Smith,Career changer passionate about Business & Finance. Excited to learn from and teach others.,"skill_069,skill_005,skill_099,skill_044","skill_008,skill_040"
user_144,Charles Torres,Enthusiastic learner exploring Languages. Seeking to expand my skillset through knowledge exchange.,"skill_087,skill_094,skill_029,skill_082","skill_045,skill_066,skill_071,skill_022"
user_145,Ava Allen,Consultant in Web Development field. Dedicated to continuous learning and skill development.,"skill_018,skill_015,skill_067,skill_011","skill_077,skill_085"
user_146,Evelyn Walker,Research & Academic expert looking to diversify skills. Open to teaching and mentoring.,"skill_091,skill_031","skill_049,skill_086,skill_047"
user_147,William Wilson,Enthusiastic learner exploring Design & Creative. Seeking to expand my skillset through knowledge exchange.,"skill_041,skill_095,skill_048","skill_107,skill_027"
user_148,Brandon Lopez,Consultant in Business & Finance field. Dedicated to continuous learning and skill development.,"skill_070,skill_081,skill_063,skill_054","skill_078,skill_079,skill_106"
user_149,Daniel Clark,Freelancer specializing in Languages. Always looking to expand my toolkit.,"skill_087,skill_059,skill_006,skill_102","skill_045,skill_004,skill_065"
user_150,Isabella Baker,Experienced in Content & Writing and eager to share what I know while learning new skills.,"skill_049,skill_006,skill_019","skill_032,skill_104,skill_090"
user_151,Emma Lopez,Passionate Design & Creative professional with 2 years of experience. Love teaching and collaborating on projects.,"skill_036,skill_094,skill_035","skill_101,skill_090,skill_093,skill_039"
user_152,Jessica Moore,Problem solver focused on Marketing & Communication. Keen to exchange knowledge with like-minded individuals.,"skill_062,skill_034","skill_003,skill_100,skill_014"
user_153,Brandon Flores,Creative professional with background in Web Development. Love collaborative learning.,"skill_013,skill_096,skill_044,skill_041,skill_100","skill_037,skill_091,skill_102,skill_016"
user_154,Aria Mitchell,Consultant in Data Science & Analytics field. Dedicated to continuous learning and skill development.,"skill_021,skill_071","skill_008,skill_002,skill_097,skill_043"
user_155,David Robinson,Passionate Teaching & Training professional with 4 years of experience. Love teaching and collaborating on projects.,"skill_080,skill_031,skill_056,skill_030,skill_007","skill_024,skill_009,skill_063,skill_010"
user_156,Eric Baker,Freelancer specializing in Programming. Always looking to expand my toolkit.,"skill_008,skill_054","skill_071,skill_101,skill_058"
user_157,Sophia Wright,Experienced in Programming and eager to share what I know while learning new skills.,"skill_004,skill_032,skill_061,skill_060,skill_041","skill_047,skill_009"
user_158,Chloe Carter,Educator specializing in Design & Creative. Passionate about sharing knowledge and learning from others.,"skill_040,skill_015,skill_104,skill_019,skill_108","skill_056,skill_023,skill_091"
user_159,Lily Hill,Freelancer specializing in Data Science & Analytics. Always looking to expand my toolkit.,"skill_022,skill_093,skill_105,skill_097,skill_034","skill_006,skill_081,skill_013"
user_160,Ava Lopez,Freelancer specializing in Teaching & Training. Always looking to expand my toolkit.,"skill_075,skill_110,skill_090,skill_010,skill_045","skill_101,skill_022,skill_051"
user_161,Daniel Harris,Problem solver focused on Teaching & Training. Keen to exchange knowledge with like-minded individuals.,"skill_080,skill_072","skill_035,skill_050"
user_162,Michael Wright,Passionate Marketing & Communication professional with 7 years of experience. Love teaching and collaborating on projects.,"skill_058,skill_089,skill_037,skill_076","skill_011,skill_051,skill_020"
user_163,Scarlett Hernandez,Data Science & Analytics expert looking to diversify skills. Open to teaching and mentoring.,"skill_023,skill_022,skill_080","skill_057,skill_074"
user_164,Luna Thompson,Freelancer specializing in Web Development. Always looking to expand my toolkit.,"skill_012,skill_095,skill_031","skill_013,skill_058"
user_165,Nicholas Thomas,Creative professional with background in Data Science & Analytics. Love collaborative learning.,"skill_029,skill_088,skill_005,skill_009,skill_064","skill_095,skill_025,skill_074,skill_107"
user_166,Christopher Gomez,Problem solver focused on Mobile Development. Keen to exchange knowledge with like-minded individuals.,"skill_096,skill_102","skill_030,skill_011,skill_073,skill_070"
user_167,Emily Torres,Creative professional with background in Programming. Love collaborative learning.,"skill_004,skill_025,skill_044,skill_070,skill_071","skill_106,skill_060,skill_079"
user_168,Samuel Hill,Professional with interest in Web Development. Enjoy helping others grow their skills.,"skill_015,skill_105","skill_097,skill_074"
user_169,James Clark,Educator specializing in Web Development. Passionate about sharing knowledge and learning from others.,"skill_011,skill_066,skill_006","skill_088,skill_038"
user_170,Thomas Johnson,Freelancer specializing in Design & Creative. Always looking to expand my toolkit.,"skill_033,skill_075","skill_079,skill_039,skill_065"
user_171,Emily Carter,Passionate Marketing & Communication professional with 4 years of experience. Love teaching and collaborating on projects.,"skill_056,skill_052","skill_058,skill_047,skill_003"
user_172,Scarlett Gomez,Problem solver focused on Programming. Keen to exchange knowledge with like-minded individuals.,"skill_009,skill_089,skill_020,skill_098","skill_055,skill_018,skill_091,skill_017"
user_173,Ava White,Freelancer specializing in Languages. Always looking to expand my toolkit.,"skill_087,skill_067","skill_102,skill_039,skill_068"
user_174,Zoe Hill,Career changer passionate about DevOps & Cloud. Excited to learn from and teach others.,"skill_102,skill_008,skill_024,skill_093,skill_078","skill_110,skill_058"
user_175,Jeffrey Clark,Research & Academic expert looking to diversify skills. Open to teaching and mentoring.,"skill_090,skill_056,skill_045,skill_043,skill_067","skill_047,skill_072,skill_057"
user_176,Robert Gomez,Passionate Content & Writing professional with 3 years of experience. Love teaching and collaborating on projects.,"skill_046,skill_095","skill_109,skill_021,skill_011,skill_018"
user_177,Brandon Miller,Educator specializing in Business & Finance. Passionate about sharing knowledge and learning from others.,"skill_071,skill_053,skill_011,skill_079","skill_094,skill_002,skill_058"
user_178,Thomas Green,Freelancer specializing in Design & Creative. Always looking to expand my toolkit.,"skill_040,skill_085,skill_110","skill_021,skill_032"
user_179,Emma Baker,Consultant in Programming field. Dedicated to continuous learning and skill development.,"skill_002,skill_056,skill_034,skill_063,skill_068","skill_029,skill_015,skill_031,skill_085"
user_180,Scarlett Flores,Educator specializing in Marketing & Communication. Passionate about sharing knowledge and learning from others.,"skill_060,skill_052,skill_018,skill_007","skill_049,skill_088"
user_181,Luna Torres,Enthusiastic learner exploring Other. Seeking to expand my skillset through knowledge exchange.,"skill_110,skill_011,skill_033,skill_082,skill_017","skill_034,skill_047,skill_042"
user_182,Hannah Campbell,Enthusiastic learner exploring DevOps & Cloud. Seeking to expand my skillset through knowledge exchange.,"skill_100,skill_085,skill_025,skill_009","skill_061,skill_056,skill_065,skill_032"
user_183,Jessica Young,Consultant in Design & Creative field. Dedicated to continuous learning and skill development.,"skill_041,skill_009,skill_008,skill_100","skill_053,skill_080"
user_184,Joshua Anderson,Passionate Business & Finance professional with 7 years of experience. Love teaching and collaborating on projects.,"skill_067,skill_083,skill_072,skill_091","skill_071,skill_100,skill_106,skill_054"
user_185,Brian Lewis,Self-taught Marketing & Communication specialist. Believe in the power of community learning and skill sharing.,"skill_060,skill_032,skill_008","skill_021,skill_107,skill_031"
user_186,Brandon Garcia,Consultant in Programming field. Dedicated to continuous learning and skill development.,"skill_001,skill_050,skill_004,skill_084","skill_025,skill_096"
user_187,Kevin Moore,Career changer passionate about Business & Finance. Excited to learn from and teach others.,"skill_072,skill_045,skill_100,skill_032,skill_068","skill_061,skill_063"
user_188,Abigail Brown,Passionate Marketing & Communication professional with 4 years of experience. Love teaching and collaborating on projects.,"skill_058,skill_010","skill_013,skill_106,skill_110,skill_080"
user_189,Jessica Garcia,Experienced in Design & Creative and eager to share what I know while learning new skills.,"skill_039,skill_107,skill_037","skill_032,skill_108,skill_077"
user_190,Michael Flores,Experienced in Business & Finance and eager to share what I know while learning new skills.,"skill_074,skill_088","skill_108,skill_091"
user_191,Steven Allen,Career changer passionate about Teaching & Training. Excited to learn from and teach others.,"skill_077,skill_078,skill_021","skill_022,skill_005,skill_009,skill_093"
user_192,Steven Anderson,Educator specializing in Business & Finance. Passionate about sharing knowledge and learning from others.,"skill_071,skill_066,skill_064,skill_090,skill_025","skill_006,skill_096,skill_056,skill_060"
user_193,Jeffrey Taylor,Consultant in Languages field. Dedicated to continuous learning and skill development.,"skill_083,skill_031,skill_081","skill_067,skill_032,skill_094"
user_194,Brian Wright,Creative professional with background in Languages. Love collaborative learning.,"skill_082,skill_061","skill_049,skill_062,skill_098,skill_072"
user_195,Matthew Wilson,Self-taught Web Development specialist. Believe in the power of community learning and skill sharing.,"skill_019,skill_067","skill_002,skill_006,skill_017,skill_102"
user_196,Evelyn White,Experienced in Design & Creative and eager to share what I know while learning new skills.,"skill_034,skill_096,skill_102","skill_080,skill_028"
user_197,Ava Wright,Freelancer specializing in Data Science & Analytics. Always looking to expand my toolkit.,"skill_025,skill_005,skill_006","skill_063,skill_048"
user_198,Michael Martinez,Self-taught Other specialist. Believe in the power of community learning and skill sharing.,"skill_109,skill_090","skill_020,skill_045"
user_199,Steven Walker,Experienced in Teaching & Training and eager to share what I know while learning new skills.,"skill_079,skill_044,skill_048","skill_029,skill_009"
user_200,Eric King,Freelancer specializing in Content & Writing. Always looking to expand my toolkit.,"skill_046,skill_069,skill_102,skill_065,skill_085","skill_087,skill_038,skill_100,skill_018"
